{
  "project_info": {
    "project_number": "198125943512",
    "firebase_url": "https://smartvotingsystem-127c6.firebaseio.com",
    "project_id": "smartvotingsystem-127c6",
    "storage_bucket": "smartvotingsystem-127c6.appspot.com"
  },
  "client": [
    {
      "client_info": {
        "mobilesdk_app_id": "1:198125943512:android:a877dee1694a63ce",
        "android_client_info": {
          "package_name": "me.mohsinali.smartvotingsystem"
        }
      },
      "oauth_client": [
        {
          "client_id": "198125943512-oj4e463af2fnjcm8nh1omdpsrmgkl64q.apps.googleusercontent.com",
          "client_type": 1,
          "android_info": {
            "package_name": "me.mohsinali.smartvotingsystem",
            "certificate_hash": "948b24e5a6094eed9aa5861cc90457dbefc35cb3"
          }
        },
        {
          "client_id": "198125943512-di3sj690l45a4ib094dht3e7tb7kn4en.apps.googleusercontent.com",
          "client_type": 3
        },
        {
          "client_id": "198125943512-di3sj690l45a4ib094dht3e7tb7kn4en.apps.googleusercontent.com",
          "client_type": 3
        }
      ],
      "api_key": [
        {
          "current_key": "AIzaSyDRlxvYC0s-v_fUVPeT6Y4lJxK2-H2fYtY"
        }
      ],
      "services": {
        "analytics_service": {
          "status": 1
        },
        "appinvite_service": {
          "status": 2,
          "other_platform_oauth_client": [
            {
              "client_id": "198125943512-di3sj690l45a4ib094dht3e7tb7kn4en.apps.googleusercontent.com",
              "client_type": 3
            }
          ]
        },
        "ads_service": {
          "status": 2
        }
      }
    }
  ],
  "configuration_version": "1"
}